Type,eta,N,psi,thetaS,thetaR,Ks,par1,par2,par3,par4,et
L,0,320,-4,0.5,0.07,0.000023,1.16,5.88,-999,-999,0
L,-2,320,-999,0.38,0.02,0.003697,1.7,1.47,-999,-999,0
L,-4,-999,0.0,-999,-999,-999,-999,-999,-999,-999,-999
